<?xml version="1.0" encoding="UTF-8"?>
<GenRun Id="ip_addsub_synth_1" LaunchPart="xc7a35tcpg236-1" LaunchTime="1738871645">
  <File Type="PA-TCL" Name="ip_addsub.tcl"/>
  <File Type="RDS-PROPCONSTRS" Name="ip_addsub_drc_synth.rpt"/>
  <File Type="REPORTS-TCL" Name="ip_addsub_reports.tcl"/>
  <File Type="RDS-RDS" Name="ip_addsub.vds"/>
  <File Type="RDS-UTIL" Name="ip_addsub_utilization_synth.rpt"/>
  <File Type="RDS-UTIL-PB" Name="ip_addsub_utilization_synth.pb"/>
  <File Type="RDS-DCP" Name="ip_addsub.dcp"/>
  <File Type="VDS-TIMINGSUMMARY" Name="ip_addsub_timing_summary_synth.rpt"/>
  <File Type="VDS-TIMING-PB" Name="ip_addsub_timing_summary_synth.pb"/>
  <FileSet Name="sources" Type="BlockSrcs" RelSrcDir="$PSRCDIR/ip_addsub" RelGenDir="$PGENDIR/ip_addsub">
    <File Path="$PSRCDIR/sources_1/ip/ip_addsub/ip_addsub.xci">
      <FileInfo>
        <Attr Name="UsedIn" Val="synthesis"/>
        <Attr Name="UsedIn" Val="implementation"/>
        <Attr Name="UsedIn" Val="simulation"/>
      </FileInfo>
    </File>
    <Config>
      <Option Name="TopModule" Val="ip_addsub"/>
      <Option Name="UseBlackboxStub" Val="1"/>
    </Config>
  </FileSet>
  <FileSet Name="constrs_in" Type="BlockSrcs" RelSrcDir="$PSRCDIR/ip_addsub" RelGenDir="$PGENDIR/ip_addsub">
    <File Path="$PSRCDIR/sources_1/ip/ip_addsub/ip_addsub.xci">
      <FileInfo>
        <Attr Name="UsedIn" Val="synthesis"/>
        <Attr Name="UsedIn" Val="implementation"/>
        <Attr Name="UsedIn" Val="simulation"/>
      </FileInfo>
    </File>
    <Config>
      <Option Name="TopModule" Val="ip_addsub"/>
      <Option Name="UseBlackboxStub" Val="1"/>
    </Config>
  </FileSet>
  <FileSet Name="utils" Type="Utils" RelSrcDir="$PSRCDIR/utils_1" RelGenDir="$PGENDIR/utils_1">
    <Filter Type="Utils"/>
    <Config>
      <Option Name="TopAutoSet" Val="TRUE"/>
    </Config>
  </FileSet>
  <Strategy Version="1" Minor="2">
    <StratHandle Name="Vivado Synthesis Defaults" Flow="Vivado Synthesis 2023">
      <Desc>Vivado Synthesis Defaults</Desc>
    </StratHandle>
    <Step Id="synth_design"/>
  </Strategy>
</GenRun>
