<?xml version="1.0" encoding="UTF-8"?>
<GenRun Id="synth_1" LaunchPart="xc7a35tcpg236-1" LaunchTime="1738003589" LaunchIncrCheckpoint="$PSRCDIR/utils_1/imports/synth_1/max3sint16b.dcp">
  <File Type="PA-TCL" Name="max3sint16b.tcl"/>
  <File Type="RDS-PROPCONSTRS" Name="max3sint16b_drc_synth.rpt"/>
  <File Type="REPORTS-TCL" Name="max3sint16b_reports.tcl"/>
  <File Type="RDS-RDS" Name="max3sint16b.vds"/>
  <File Type="RDS-UTIL" Name="max3sint16b_utilization_synth.rpt"/>
  <File Type="RDS-UTIL-PB" Name="max3sint16b_utilization_synth.pb"/>
  <File Type="RDS-DCP" Name="max3sint16b.dcp"/>
  <File Type="VDS-TIMINGSUMMARY" Name="max3sint16b_timing_summary_synth.rpt"/>
  <File Type="VDS-TIMING-PB" Name="max3sint16b_timing_summary_synth.pb"/>
  <FileSet Name="sources" Type="DesignSrcs" RelSrcDir="$PSRCDIR/sources_1" RelGenDir="$PGENDIR/sources_1">
    <Filter Type="Srcs"/>
    <File Path="$PSRCDIR/sources_1/imports/lab2/max3sint16b.sv">
      <FileInfo>
        <Attr Name="ImportPath" Val="$PPRDIR/max3sint16b.sv"/>
        <Attr Name="ImportTime" Val="1737484271"/>
        <Attr Name="UsedIn" Val="synthesis"/>
        <Attr Name="UsedIn" Val="implementation"/>
        <Attr Name="UsedIn" Val="simulation"/>
      </FileInfo>
    </File>
    <Config>
      <Option Name="DesignMode" Val="RTL"/>
      <Option Name="TopModule" Val="max3sint16b"/>
      <Option Name="TopAutoSet" Val="TRUE"/>
    </Config>
  </FileSet>
  <FileSet Name="constrs_in" Type="Constrs" RelSrcDir="$PSRCDIR/constrs_1" RelGenDir="$PGENDIR/constrs_1">
    <Filter Type="Constrs"/>
    <Config>
      <Option Name="ConstrsType" Val="XDC"/>
    </Config>
  </FileSet>
  <FileSet Name="utils" Type="Utils" RelSrcDir="$PSRCDIR/utils_1" RelGenDir="$PGENDIR/utils_1">
    <Filter Type="Utils"/>
    <File Path="$PSRCDIR/utils_1/imports/synth_1/max3sint16b.dcp">
      <FileInfo>
        <Attr Name="UsedIn" Val="synthesis"/>
        <Attr Name="UsedIn" Val="implementation"/>
        <Attr Name="UsedInSteps" Val="synth_1"/>
        <Attr Name="AutoDcp" Val="1"/>
      </FileInfo>
    </File>
    <Config>
      <Option Name="TopAutoSet" Val="TRUE"/>
    </Config>
  </FileSet>
  <Strategy Version="1" Minor="2">
    <StratHandle Name="Vivado Synthesis Defaults" Flow="Vivado Synthesis 2016"/>
    <Step Id="synth_design"/>
  </Strategy>
</GenRun>
