<?xml version="1.0" encoding="UTF-8"?>
<GenRun Id="impl_1" LaunchPart="xc7a35tcpg236-1" LaunchTime="1738003888">
  <File Type="ROUTE-PWR" Name="max3sint16b_power_routed.rpt"/>
  <File Type="PA-TCL" Name="max3sint16b.tcl"/>
  <File Type="ROUTE-PWR-SUM" Name="max3sint16b_power_summary_routed.pb"/>
  <File Type="REPORTS-TCL" Name="max3sint16b_reports.tcl"/>
  <File Type="OPT-RQA-PB" Name="max3sint16b_rqa_opted.pb"/>
  <File Type="BITSTR-MMI" Name="max3sint16b.mmi"/>
  <File Type="OPT-METHODOLOGY-DRC" Name="max3sint16b_methodology_drc_opted.rpt"/>
  <File Type="INIT-TIMING" Name="max3sint16b_timing_summary_init.rpt"/>
  <File Type="OPT-TIMING" Name="max3sint16b_timing_summary_opted.rpt"/>
  <File Type="OPT-DCP" Name="max3sint16b_opt.dcp"/>
  <File Type="OPT-DRC" Name="max3sint16b_drc_opted.rpt"/>
  <File Type="OPT-HWDEF" Name="max3sint16b.hwdef"/>
  <File Type="PWROPT-DCP" Name="max3sint16b_pwropt.dcp"/>
  <File Type="PWROPT-DRC" Name="max3sint16b_drc_pwropted.rpt"/>
  <File Type="PWROPT-TIMING" Name="max3sint16b_timing_summary_pwropted.rpt"/>
  <File Type="PLACE-DCP" Name="max3sint16b_placed.dcp"/>
  <File Type="PLACE-IO" Name="max3sint16b_io_placed.rpt"/>
  <File Type="PLACE-CLK" Name="max3sint16b_clock_utilization_placed.rpt"/>
  <File Type="PLACE-UTIL" Name="max3sint16b_utilization_placed.rpt"/>
  <File Type="PLACE-UTIL-PB" Name="max3sint16b_utilization_placed.pb"/>
  <File Type="PLACE-CTRL" Name="max3sint16b_control_sets_placed.rpt"/>
  <File Type="PLACE-SIMILARITY" Name="max3sint16b_incremental_reuse_placed.rpt"/>
  <File Type="PLACE-PRE-SIMILARITY" Name="max3sint16b_incremental_reuse_pre_placed.rpt"/>
  <File Type="BG-BIN" Name="max3sint16b.bin"/>
  <File Type="PLACE-TIMING" Name="max3sint16b_timing_summary_placed.rpt"/>
  <File Type="ROUTE-PWR-RPX" Name="max3sint16b_power_routed.rpx"/>
  <File Type="PLACE-RQA-PB" Name="max3sint16b_rqa_placed.pb"/>
  <File Type="POSTPLACE-PWROPT-DCP" Name="max3sint16b_postplace_pwropt.dcp"/>
  <File Type="BITSTR-MSK" Name="max3sint16b.msk"/>
  <File Type="POSTPLACE-PWROPT-TIMING" Name="max3sint16b_timing_summary_postplace_pwropted.rpt"/>
  <File Type="PHYSOPT-DCP" Name="max3sint16b_physopt.dcp"/>
  <File Type="PHYSOPT-DRC" Name="max3sint16b_drc_physopted.rpt"/>
  <File Type="BITSTR-RBT" Name="max3sint16b.rbt"/>
  <File Type="PHYSOPT-TIMING" Name="max3sint16b_timing_summary_physopted.rpt"/>
  <File Type="ROUTE-ERROR-DCP" Name="max3sint16b_routed_error.dcp"/>
  <File Type="ROUTE-DCP" Name="max3sint16b_routed.dcp"/>
  <File Type="ROUTE-BLACKBOX-DCP" Name="max3sint16b_routed_bb.dcp"/>
  <File Type="ROUTE-DRC" Name="max3sint16b_drc_routed.rpt"/>
  <File Type="ROUTE-DRC-PB" Name="max3sint16b_drc_routed.pb"/>
  <File Type="ROUTE-DRC-RPX" Name="max3sint16b_drc_routed.rpx"/>
  <File Type="ROUTE-METHODOLOGY-DRC" Name="max3sint16b_methodology_drc_routed.rpt"/>
  <File Type="ROUTE-METHODOLOGY-DRC-RPX" Name="max3sint16b_methodology_drc_routed.rpx"/>
  <File Type="ROUTE-METHODOLOGY-DRC-PB" Name="max3sint16b_methodology_drc_routed.pb"/>
  <File Type="ROUTE-RQS-PB" Name="max3sint16b_rqs_routed.pb"/>
  <File Type="ROUTE-STATUS" Name="max3sint16b_route_status.rpt"/>
  <File Type="ROUTE-STATUS-PB" Name="max3sint16b_route_status.pb"/>
  <File Type="ROUTE-TIMINGSUMMARY" Name="max3sint16b_timing_summary_routed.rpt"/>
  <File Type="ROUTE-TIMING-PB" Name="max3sint16b_timing_summary_routed.pb"/>
  <File Type="ROUTE-TIMING-RPX" Name="max3sint16b_timing_summary_routed.rpx"/>
  <File Type="ROUTE-SIMILARITY" Name="max3sint16b_incremental_reuse_routed.rpt"/>
  <File Type="ROUTE-CLK" Name="max3sint16b_clock_utilization_routed.rpt"/>
  <File Type="ROUTE-BUS-SKEW" Name="max3sint16b_bus_skew_routed.rpt"/>
  <File Type="ROUTE-BUS-SKEW-PB" Name="max3sint16b_bus_skew_routed.pb"/>
  <File Type="ROUTE-BUS-SKEW-RPX" Name="max3sint16b_bus_skew_routed.rpx"/>
  <File Type="POSTROUTE-PHYSOPT-DCP" Name="max3sint16b_postroute_physopt.dcp"/>
  <File Type="POSTROUTE-PHYSOPT-BLACKBOX-DCP" Name="max3sint16b_postroute_physopt_bb.dcp"/>
  <File Type="POSTROUTE-PHYSOPT-TIMING" Name="_timing_summary_postroute_physopted.rpt"/>
  <File Type="POSTROUTE-PHYSOPT-TIMING-PB" Name="_timing_summary_postroute_physopted.pb"/>
  <File Type="POSTROUTE-PHYSOPT-TIMING-RPX" Name="_timing_summary_postroute_physopted.rpx"/>
  <File Type="POSTROUTE-PHYSOPT-BUS-SKEW" Name="_bus_skew_postroute_physopted.rpt"/>
  <File Type="BG-BIT" Name="max3sint16b.bit"/>
  <File Type="POSTROUTE-PHYSOPT-BUS-SKEW-PB" Name="_bus_skew_postroute_physopted.pb"/>
  <File Type="POSTROUTE-PHYSOPT-BUS-SKEW-RPX" Name="_bus_skew_postroute_physopted.rpx"/>
  <File Type="BITSTR-NKY" Name="max3sint16b.nky"/>
  <File Type="BITSTR-BMM" Name="max3sint16b_bd.bmm"/>
  <File Type="PDI-FILE" Name="max3sint16b.pdi"/>
  <File Type="BOOT-PDI-FILE" Name="max3sint16b_boot.pdi"/>
  <File Type="PL-PDI-FILE" Name="max3sint16b_pld.pdi"/>
  <File Type="RCFI_FILE" Name="max3sint16b.rcfi"/>
  <File Type="CFI_FILE" Name="max3sint16b.cfi"/>
  <File Type="RNPI_FILE" Name="max3sint16b.rnpi"/>
  <File Type="NPI_FILE" Name="max3sint16b.npi"/>
  <File Type="RBD_FILE" Name="max3sint16b.rbd"/>
  <File Type="BITSTR-LTX" Name="debug_nets.ltx"/>
  <File Type="BITSTR-LTX" Name="max3sint16b.ltx"/>
  <File Type="BITSTR-SYSDEF" Name="max3sint16b.sysdef"/>
  <File Type="BG-BGN" Name="max3sint16b.bgn"/>
  <File Type="BG-DRC" Name="max3sint16b.drc"/>
  <File Type="RDI-RDI" Name="max3sint16b.vdi"/>
  <File Type="WBT-USG" Name="usage_statistics_webtalk.html"/>
  <File Type="ROUTE-RQS" Name="max3sint16b_routed.rqs"/>
  <File Type="POSTROUTE-PHYSOPT-RQS" Name="max3sint16b_postroute_physopted.rqs"/>
  <File Type="ROUTE-RQS-RPT" Name="route_report_qor_suggestions_0.rpt"/>
  <File Type="POSTROUTE-PHYSOPT-RQS-RPT" Name="postroute_physopt_report_qor_suggestions_0.rpt"/>
  <FileSet Name="sources" Type="DesignSrcs" RelSrcDir="$PSRCDIR/sources_1" RelGenDir="$PGENDIR/sources_1">
    <Filter Type="Srcs"/>
    <File Path="$PSRCDIR/sources_1/imports/lab2/max3sint16b.sv">
      <FileInfo>
        <Attr Name="ImportPath" Val="$PPRDIR/max3sint16b.sv"/>
        <Attr Name="ImportTime" Val="1737484271"/>
        <Attr Name="UsedIn" Val="synthesis"/>
        <Attr Name="UsedIn" Val="implementation"/>
        <Attr Name="UsedIn" Val="simulation"/>
      </FileInfo>
    </File>
    <Config>
      <Option Name="DesignMode" Val="RTL"/>
      <Option Name="TopModule" Val="max3sint16b"/>
      <Option Name="TopAutoSet" Val="TRUE"/>
    </Config>
  </FileSet>
  <FileSet Name="constrs_in" Type="Constrs" RelSrcDir="$PSRCDIR/constrs_1" RelGenDir="$PGENDIR/constrs_1">
    <Filter Type="Constrs"/>
    <Config>
      <Option Name="ConstrsType" Val="XDC"/>
    </Config>
  </FileSet>
  <FileSet Name="utils" Type="Utils" RelSrcDir="$PSRCDIR/utils_1" RelGenDir="$PGENDIR/utils_1">
    <Filter Type="Utils"/>
    <File Path="$PSRCDIR/utils_1/imports/synth_1/max3sint16b.dcp">
      <FileInfo>
        <Attr Name="UsedIn" Val="synthesis"/>
        <Attr Name="UsedIn" Val="implementation"/>
        <Attr Name="UsedInSteps" Val="synth_1"/>
        <Attr Name="AutoDcp" Val="1"/>
      </FileInfo>
    </File>
    <Config>
      <Option Name="TopAutoSet" Val="TRUE"/>
    </Config>
  </FileSet>
  <Strategy Version="1" Minor="2">
    <StratHandle Name="Vivado Implementation Defaults" Flow="Vivado Implementation 2016"/>
    <Step Id="init_design"/>
    <Step Id="opt_design"/>
    <Step Id="power_opt_design"/>
    <Step Id="place_design"/>
    <Step Id="post_place_power_opt_design"/>
    <Step Id="phys_opt_design"/>
    <Step Id="route_design"/>
    <Step Id="post_route_phys_opt_design"/>
    <Step Id="write_bitstream"/>
  </Strategy>
</GenRun>
