<?xml version="1.0" encoding="UTF-8"?>
<GenRun Id="impl_1" LaunchPart="xc7a35tcpg236-1" LaunchTime="1739020860">
  <File Type="ROUTE-PWR" Name="satadd_power_routed.rpt"/>
  <File Type="PA-TCL" Name="satadd.tcl"/>
  <File Type="ROUTE-PWR-SUM" Name="satadd_power_summary_routed.pb"/>
  <File Type="REPORTS-TCL" Name="satadd_reports.tcl"/>
  <File Type="OPT-RQA-PB" Name="satadd_rqa_opted.pb"/>
  <File Type="BITSTR-MMI" Name="satadd.mmi"/>
  <File Type="OPT-METHODOLOGY-DRC" Name="satadd_methodology_drc_opted.rpt"/>
  <File Type="INIT-TIMING" Name="satadd_timing_summary_init.rpt"/>
  <File Type="OPT-TIMING" Name="satadd_timing_summary_opted.rpt"/>
  <File Type="OPT-DCP" Name="satadd_opt.dcp"/>
  <File Type="OPT-DRC" Name="satadd_drc_opted.rpt"/>
  <File Type="OPT-HWDEF" Name="satadd.hwdef"/>
  <File Type="PWROPT-DCP" Name="satadd_pwropt.dcp"/>
  <File Type="PWROPT-DRC" Name="satadd_drc_pwropted.rpt"/>
  <File Type="PWROPT-TIMING" Name="satadd_timing_summary_pwropted.rpt"/>
  <File Type="PLACE-DCP" Name="satadd_placed.dcp"/>
  <File Type="PLACE-IO" Name="satadd_io_placed.rpt"/>
  <File Type="PLACE-CLK" Name="satadd_clock_utilization_placed.rpt"/>
  <File Type="PLACE-UTIL" Name="satadd_utilization_placed.rpt"/>
  <File Type="PLACE-UTIL-PB" Name="satadd_utilization_placed.pb"/>
  <File Type="PLACE-CTRL" Name="satadd_control_sets_placed.rpt"/>
  <File Type="PLACE-SIMILARITY" Name="satadd_incremental_reuse_placed.rpt"/>
  <File Type="PLACE-PRE-SIMILARITY" Name="satadd_incremental_reuse_pre_placed.rpt"/>
  <File Type="BG-BIN" Name="satadd.bin"/>
  <File Type="PLACE-TIMING" Name="satadd_timing_summary_placed.rpt"/>
  <File Type="ROUTE-PWR-RPX" Name="satadd_power_routed.rpx"/>
  <File Type="PLACE-RQA-PB" Name="satadd_rqa_placed.pb"/>
  <File Type="POSTPLACE-PWROPT-DCP" Name="satadd_postplace_pwropt.dcp"/>
  <File Type="BITSTR-MSK" Name="satadd.msk"/>
  <File Type="POSTPLACE-PWROPT-TIMING" Name="satadd_timing_summary_postplace_pwropted.rpt"/>
  <File Type="PHYSOPT-DCP" Name="satadd_physopt.dcp"/>
  <File Type="PHYSOPT-DRC" Name="satadd_drc_physopted.rpt"/>
  <File Type="BITSTR-RBT" Name="satadd.rbt"/>
  <File Type="PHYSOPT-TIMING" Name="satadd_timing_summary_physopted.rpt"/>
  <File Type="ROUTE-ERROR-DCP" Name="satadd_routed_error.dcp"/>
  <File Type="ROUTE-DCP" Name="satadd_routed.dcp"/>
  <File Type="ROUTE-BLACKBOX-DCP" Name="satadd_routed_bb.dcp"/>
  <File Type="ROUTE-DRC" Name="satadd_drc_routed.rpt"/>
  <File Type="ROUTE-DRC-PB" Name="satadd_drc_routed.pb"/>
  <File Type="ROUTE-DRC-RPX" Name="satadd_drc_routed.rpx"/>
  <File Type="ROUTE-METHODOLOGY-DRC" Name="satadd_methodology_drc_routed.rpt"/>
  <File Type="ROUTE-METHODOLOGY-DRC-RPX" Name="satadd_methodology_drc_routed.rpx"/>
  <File Type="ROUTE-METHODOLOGY-DRC-PB" Name="satadd_methodology_drc_routed.pb"/>
  <File Type="ROUTE-RQS-PB" Name="satadd_rqs_routed.pb"/>
  <File Type="ROUTE-STATUS" Name="satadd_route_status.rpt"/>
  <File Type="ROUTE-STATUS-PB" Name="satadd_route_status.pb"/>
  <File Type="ROUTE-TIMINGSUMMARY" Name="satadd_timing_summary_routed.rpt"/>
  <File Type="ROUTE-TIMING-PB" Name="satadd_timing_summary_routed.pb"/>
  <File Type="ROUTE-TIMING-RPX" Name="satadd_timing_summary_routed.rpx"/>
  <File Type="ROUTE-SIMILARITY" Name="satadd_incremental_reuse_routed.rpt"/>
  <File Type="ROUTE-CLK" Name="satadd_clock_utilization_routed.rpt"/>
  <File Type="ROUTE-BUS-SKEW" Name="satadd_bus_skew_routed.rpt"/>
  <File Type="ROUTE-BUS-SKEW-PB" Name="satadd_bus_skew_routed.pb"/>
  <File Type="ROUTE-BUS-SKEW-RPX" Name="satadd_bus_skew_routed.rpx"/>
  <File Type="POSTROUTE-PHYSOPT-DCP" Name="satadd_postroute_physopt.dcp"/>
  <File Type="POSTROUTE-PHYSOPT-BLACKBOX-DCP" Name="satadd_postroute_physopt_bb.dcp"/>
  <File Type="POSTROUTE-PHYSOPT-TIMING" Name="_timing_summary_postroute_physopted.rpt"/>
  <File Type="POSTROUTE-PHYSOPT-TIMING-PB" Name="_timing_summary_postroute_physopted.pb"/>
  <File Type="POSTROUTE-PHYSOPT-TIMING-RPX" Name="_timing_summary_postroute_physopted.rpx"/>
  <File Type="POSTROUTE-PHYSOPT-BUS-SKEW" Name="_bus_skew_postroute_physopted.rpt"/>
  <File Type="BG-BIT" Name="satadd.bit"/>
  <File Type="POSTROUTE-PHYSOPT-BUS-SKEW-PB" Name="_bus_skew_postroute_physopted.pb"/>
  <File Type="POSTROUTE-PHYSOPT-BUS-SKEW-RPX" Name="_bus_skew_postroute_physopted.rpx"/>
  <File Type="BITSTR-NKY" Name="satadd.nky"/>
  <File Type="BITSTR-BMM" Name="satadd_bd.bmm"/>
  <File Type="PDI-FILE" Name="satadd.pdi"/>
  <File Type="BOOT-PDI-FILE" Name="satadd_boot.pdi"/>
  <File Type="PL-PDI-FILE" Name="satadd_pld.pdi"/>
  <File Type="RCFI_FILE" Name="satadd.rcfi"/>
  <File Type="CFI_FILE" Name="satadd.cfi"/>
  <File Type="RNPI_FILE" Name="satadd.rnpi"/>
  <File Type="NPI_FILE" Name="satadd.npi"/>
  <File Type="RBD_FILE" Name="satadd.rbd"/>
  <File Type="BITSTR-LTX" Name="debug_nets.ltx"/>
  <File Type="BITSTR-LTX" Name="satadd.ltx"/>
  <File Type="BITSTR-SYSDEF" Name="satadd.sysdef"/>
  <File Type="BG-BGN" Name="satadd.bgn"/>
  <File Type="BG-DRC" Name="satadd.drc"/>
  <File Type="RDI-RDI" Name="satadd.vdi"/>
  <File Type="WBT-USG" Name="usage_statistics_webtalk.html"/>
  <File Type="ROUTE-RQS" Name="satadd_routed.rqs"/>
  <File Type="POSTROUTE-PHYSOPT-RQS" Name="satadd_postroute_physopted.rqs"/>
  <File Type="ROUTE-RQS-RPT" Name="route_report_qor_suggestions_0.rpt"/>
  <File Type="POSTROUTE-PHYSOPT-RQS-RPT" Name="postroute_physopt_report_qor_suggestions_0.rpt"/>
  <FileSet Name="sources" Type="DesignSrcs" RelSrcDir="$PSRCDIR/sources_1" RelGenDir="$PGENDIR/sources_1">
    <Filter Type="Srcs"/>
    <File Path="$PSRCDIR/sources_1/imports/lab3/satadd.sv">
      <FileInfo>
        <Attr Name="ImportPath" Val="$PPRDIR/satadd.sv"/>
        <Attr Name="ImportTime" Val="1737484271"/>
        <Attr Name="UsedIn" Val="synthesis"/>
        <Attr Name="UsedIn" Val="implementation"/>
        <Attr Name="UsedIn" Val="simulation"/>
      </FileInfo>
    </File>
    <Config>
      <Option Name="DesignMode" Val="RTL"/>
      <Option Name="TopModule" Val="satadd"/>
      <Option Name="TopAutoSet" Val="TRUE"/>
    </Config>
  </FileSet>
  <FileSet Name="constrs_in" Type="Constrs" RelSrcDir="$PSRCDIR/constrs_1" RelGenDir="$PGENDIR/constrs_1">
    <Filter Type="Constrs"/>
    <Config>
      <Option Name="ConstrsType" Val="XDC"/>
    </Config>
  </FileSet>
  <FileSet Name="utils" Type="Utils" RelSrcDir="$PSRCDIR/utils_1" RelGenDir="$PGENDIR/utils_1">
    <Filter Type="Utils"/>
    <File Path="$PSRCDIR/utils_1/imports/synth_1/satadd.dcp">
      <FileInfo>
        <Attr Name="UsedIn" Val="synthesis"/>
        <Attr Name="UsedIn" Val="implementation"/>
        <Attr Name="UsedInSteps" Val="synth_1"/>
        <Attr Name="AutoDcp" Val="1"/>
      </FileInfo>
    </File>
    <Config>
      <Option Name="TopAutoSet" Val="TRUE"/>
    </Config>
  </FileSet>
  <Strategy Version="1" Minor="2">
    <StratHandle Name="Vivado Implementation Defaults" Flow="Vivado Implementation 2016">
      <Desc>Default settings for Implementation.</Desc>
    </StratHandle>
    <Step Id="init_design"/>
    <Step Id="opt_design"/>
    <Step Id="power_opt_design"/>
    <Step Id="place_design"/>
    <Step Id="post_place_power_opt_design"/>
    <Step Id="phys_opt_design"/>
    <Step Id="route_design"/>
    <Step Id="post_route_phys_opt_design"/>
    <Step Id="write_bitstream"/>
  </Strategy>
  <BlockFileSet Type="BlockSrcs" Name="ip_addsub"/>
</GenRun>
